epoch,train loss,val mean dice,val hausdorff
1,0.7150660991668701,0.0,0.0
2,0.630062136054039,0.0,0.0
3,0.6232657119631767,0.0,0.0
4,0.6158209457993508,0.0,0.0
5,0.6186426341533661,0.0,0.0
6,0.6126271724700928,0.0,0.0
7,0.6136148348450661,0.0,0.0
8,0.6156636670231819,0.0,0.0
9,0.6141641959547997,0.0,0.0
10,0.6152989163994789,0.0,0.0
11,0.611351253092289,0.0,0.0
12,0.6114818006753922,0.0,0.0
13,0.6115225970745086,0.0,92.59356689453125
14,0.610724326968193,0.0,113.41397857666016
1,0.7739868789911271,0.0006166824023239315,185.90289306640625
2,0.670053879916668,0.0,164.13816833496094
1,0.8705850467085838,6.411378126358613e-05,201.88980102539062
2,0.7653770968317986,0.0,168.60537719726562
3,0.7193618834018707,0.0,240.17701721191406
4,0.6925449475646019,0.0,201.84869384765625
5,0.6696503549814224,0.0,0.0
6,0.6546234101057052,0.0,0.0
7,0.6448465377092362,0.0,0.0
8,0.6369824677705764,0.0,0.0
9,0.6346991062164307,0.0,0.0
10,0.6291696786880493,0.0,0.0
11,0.6246117919683456,0.0,0.0
12,0.6251507923007011,0.0,0.0
13,0.6235954627394676,0.0,0.0
14,0.6225048080086708,0.0,0.0
15,0.6204444274306298,0.0,0.0
16,0.6212323263287545,0.0,0.0
17,0.6213179275393486,0.0,0.0
18,0.6189829483628273,0.0,0.0
19,0.619764830172062,0.0,0.0
20,0.6193276926875114,0.0,0.0
21,0.614373841881752,0.0,0.0
22,0.6167767271399498,0.0,0.0
23,0.6174764811992646,0.0,0.0
24,0.6193192273378372,0.0,0.0
25,0.6169557049870491,0.0,0.0
26,0.6174539640545845,0.0,0.0
1,0.7270287156105042,0.0,148.7575225830078
2,0.6541013330221176,0.0,207.21435546875
3,0.630707348883152,0.0,155.25140380859375
4,0.6256407186388969,0.0,0.0
5,0.622003698348999,0.0,0.0
6,0.621579310297966,0.0,0.0
1,0.8152658492326736,5.617977512883954e-05,175.65249633789062
2,0.6730424776673317,0.0,131.0928497314453
3,0.6380524814128876,0.0,168.83187866210938
4,0.6272888794541359,0.0,157.9759521484375
5,0.6212635308504104,0.0,169.3665771484375
6,0.6216667741537094,0.0,162.8748016357422
7,0.6197377473115921,0.0,129.6271514892578
8,0.6147461205720901,0.0,0.0
9,0.6177768498659134,0.0,0.0
10,0.6175887882709503,0.0,0.0
11,0.6123718962073326,0.0,0.0
12,0.6165408968925477,0.0,0.0
13,0.615233413875103,0.0,0.0
14,0.6158802524209023,0.0,0.0
15,0.6087695270776748,0.0,0.0
16,0.6141557633876801,0.0,0.0
17,0.6125791385769844,0.0,0.0
18,0.6136683255434037,0.0,0.0
19,0.614871808886528,0.0,0.0
20,0.6138292148709297,0.0,0.0
21,0.6113296672701836,0.0,0.0
22,0.6105312630534172,0.0,0.0
23,0.6105682402849197,0.0,0.0
24,0.6132441475987435,0.0,0.0
25,0.6153472304344177,0.0,0.0
26,0.6065007030963898,0.0,0.0
27,0.6071678251028061,0.0,0.0
28,0.6107276082038879,0.0,0.0
29,0.6085696741938591,0.0,0.0
30,0.6081849187612534,0.0,0.0
31,0.614083968102932,0.0,0.0
32,0.6102135375142097,0.0,0.0
33,0.6102719277143478,0.0,0.0
34,0.6149308070540428,0.0,0.0
35,0.6074283316731452,0.0,0.0
36,0.6138027384877205,0.0,0.0
37,0.6070036605000496,0.0,0.0
38,0.6103699207305908,0.0,0.0
39,0.6135909497737885,0.0,0.0
40,0.609934714436531,0.0,10.079507827758789
41,0.6061726480722427,0.003937007859349251,98.24110412597656
42,0.6119332477450371,0.004511278122663498,98.3885269165039
43,0.6139550730586052,0.010031348094344139,109.9593734741211
44,0.6094919174909592,0.0015810277545824647,106.755126953125
45,0.6097242727875709,0.0058823530562222,99.27462768554688
46,0.6098719209432601,0.007067137863487005,99.27239990234375
47,0.6112032994627953,0.008480565622448921,104.56205749511719
48,0.6100262641906739,0.009287925437092781,99.60387420654297
49,0.6081557393074035,0.01243339292705059,111.68180847167969
50,0.6128631383180618,0.00965147465467453,98.14897918701172
51,0.6094817698001862,0.00982658937573433,89.80038452148438
52,0.6081387251615524,0.009631728753447533,102.46304321289062
53,0.6122926399111748,0.010179076343774796,113.22755432128906
54,0.6119920209050178,0.011834319680929184,104.62380981445312
55,0.6054172188043594,0.009159034118056297,113.65117645263672
56,0.6078745931386947,0.010067114606499672,98.48341369628906
57,0.6125968605279922,0.008498583920300007,102.88307189941406
58,0.6109867379069328,0.006506666541099548,111.09310150146484
59,0.6084614217281341,0.005896116141229868,110.80363464355469
60,0.6138527616858482,0.006208955310285091,112.71746063232422
61,0.6134491473436355,0.004666012246161699,117.00065612792969
62,0.6081655994057655,0.005271160509437323,106.05628967285156
63,0.6129870325326919,0.004570970311760902,111.88948822021484
64,0.6150452598929406,0.004637396894395351,102.49882507324219
65,0.6124654069542885,0.004904171451926231,105.0969467163086
66,0.6091409578919411,0.005000036209821701,101.48391723632812
67,0.6059206634759903,0.0048624128103256226,105.7916488647461
68,0.6099759742617608,0.0034840821754187346,100.27537536621094
69,0.6086601704359055,0.004651572555303574,101.65763854980469
70,0.6086198389530182,0.004798170179128647,104.91740417480469
71,0.6045647442340851,0.0029087222646921873,105.69719696044922
72,0.6129673197865486,0.005297699477523565,113.03570556640625
73,0.606037475168705,0.0028320192359387875,100.62783813476562
74,0.610206289589405,0.0054825409315526485,119.19195556640625
75,0.603695809841156,0.005608995910733938,111.36488342285156
76,0.6099344000220299,0.007279868237674236,123.13938903808594
77,0.6093012243509293,0.007136368192732334,112.91496276855469
78,0.6034737050533294,0.0065050809644162655,128.9891815185547
79,0.6047407791018486,0.008149520494043827,124.3056640625
80,0.6148494899272918,0.006819283124059439,139.5189666748047
81,0.6137573689222335,0.001255886978469789,132.6128692626953
82,0.6075803741812706,0.0077972994185984135,130.21914672851562
83,0.6110022589564323,0.007362856063991785,130.43936157226562
84,0.610118268430233,0.0072840675711631775,137.61044311523438
85,0.6063020721077919,0.004244393203407526,132.0182342529297
86,0.6021868646144867,0.0063038235530257225,142.4187774658203
87,0.6099705189466477,0.007880618795752525,139.3546142578125
88,0.6064957797527313,0.007067653350532055,141.61354064941406
89,0.6089551478624344,0.00494339456781745,137.72389221191406
90,0.6126378700137138,0.009159850887954235,139.8119659423828
91,0.6064313665032387,0.006349172443151474,138.48818969726562
92,0.612680421769619,0.006402792874723673,139.45745849609375
93,0.6016094624996186,0.011013837531208992,144.90493774414062
94,0.6107290059328079,0.007797141559422016,146.81912231445312
95,0.606521050632,0.006322101689875126,139.53286743164062
96,0.6118554919958115,0.005951336584985256,148.26028442382812
97,0.606724563241005,0.011521464213728905,153.9979248046875
98,0.6056972503662109,0.007886596024036407,148.54397583007812
99,0.6034789964556694,0.008739626035094261,155.84487915039062
100,0.6139468669891357,0.007409536745399237,156.3210906982422
101,0.6075093880295753,0.006038824561983347,151.07003784179688
102,0.6097498059272766,0.006500188261270523,145.81259155273438
103,0.609558230638504,0.0069991350173950195,152.27011108398438
104,0.6056133106350898,0.006029798649251461,147.57119750976562
105,0.6057004138827324,0.005699175875633955,150.28892517089844
106,0.599962069094181,0.007378848735243082,151.6238555908203
107,0.604929955303669,0.008577177301049232,156.316162109375
108,0.6081328451633453,0.004798875190317631,151.6520538330078
109,0.6108428373932838,0.004665598273277283,153.99966430664062
110,0.6015239283442497,0.00730027724057436,148.3621368408203
111,0.6058268874883652,0.008092154748737812,150.23646545410156
112,0.6034983471035957,0.0066976770758628845,148.49575805664062
113,0.6007377207279205,0.007438978645950556,154.74940490722656
114,0.607152134180069,0.006290289107710123,152.8871307373047
115,0.6065315619111061,0.004434560425579548,134.306884765625
116,0.6091985926032066,0.004532483872026205,146.75204467773438
117,0.6104355111718178,0.005335726775228977,137.42250061035156
118,0.6054543256759644,0.00505466852337122,147.11764526367188
119,0.603590403497219,0.007353278808295727,143.03399658203125
120,0.6066412836313247,0.007630887441337109,157.0343780517578
121,0.6044443011283874,0.005967732518911362,150.18704223632812
122,0.6023284822702408,0.005920693278312683,153.141845703125
123,0.597648249566555,0.006159481126815081,151.20980834960938
124,0.6053071826696396,0.005447001196444035,152.07864379882812
125,0.6004253461956978,0.0057693542912602425,153.11233520507812
126,0.6078222617506981,0.006340614054352045,148.73873901367188
127,0.6098960041999817,0.003720771986991167,129.83828735351562
128,0.605842724442482,0.00391986221075058,147.00926208496094
129,0.6122125014662743,0.004003728739917278,143.96923828125
130,0.613779965043068,0.004411438014358282,152.26380920410156
131,0.6142477482557297,0.004167237784713507,149.98544311523438
132,0.6037861570715904,0.004070792347192764,151.564208984375
133,0.6092418059706688,0.00465997401624918,146.3294677734375
134,0.6038974285125732,0.004339006729424,147.94485473632812
135,0.6084872916340828,0.005158852785825729,142.37718200683594
136,0.6058275118470192,0.005524369888007641,149.38912963867188
137,0.6050921112298966,0.00594767089933157,154.16488647460938
138,0.6040991827845573,0.007133308798074722,153.38052368164062
139,0.598929975926876,0.007685030344873667,158.37722778320312
140,0.6015351220965386,0.005367593374103308,128.1345977783203
141,0.612746798992157,0.003929515369236469,140.16824340820312
142,0.6010075882077217,0.0040948339737951756,137.96673583984375
143,0.6015710458159447,0.005014198832213879,149.34463500976562
144,0.5934006303548813,0.010479534976184368,157.1210479736328
145,0.6059524193406105,0.005464022513478994,148.3444366455078
146,0.6065307661890984,0.006412179674953222,150.24545288085938
147,0.6033440917730332,0.0,161.22340393066406
148,0.6058435797691345,0.005690517835319042,152.32797241210938
149,0.6041329205036163,0.005439681466668844,151.88705444335938
150,0.6113985009491444,0.006863328628242016,151.25064086914062
151,0.6038089007139206,0.004056497942656279,138.84365844726562
152,0.5963149100542069,0.005633858498185873,159.67861938476562
153,0.6031623728573322,0.007590222172439098,156.44711303710938
154,0.6028968080878258,0.007400174625217915,158.0601806640625
155,0.5995535105466843,0.005730471108108759,144.13473510742188
156,0.5954847037792206,0.007233570329844952,160.83139038085938
157,0.6075809501111508,0.004922426771372557,153.3057098388672
158,0.5990339681506157,0.0058331964537501335,159.15997314453125
159,0.597915518283844,0.007123281247913837,161.33242797851562
160,0.6101172402501106,0.006480704993009567,157.7923126220703
1,0.7927903473377228,0.0,179.38540649414062
2,0.6696608603000641,0.0,107.0516357421875
3,0.6368953913450242,0.0,159.7676544189453
4,0.624600100517273,0.0,158.22317504882812
5,0.6236942574381829,0.0,163.8273468017578
6,0.6223048955202103,0.0,0.0
7,0.6175929471850395,0.0,0.0
8,0.6115775763988495,0.0,0.0
9,0.6173629656434059,0.0,0.0
10,0.6121065750718117,0.0,0.0
11,0.6117233097553253,0.0,0.0
12,0.6126398041844368,0.0,0.0
13,0.6129822582006454,0.0,145.84060668945312
14,0.6141828745603561,0.0,146.18116760253906
15,0.6136144787073136,0.0,124.83435821533203
16,0.6102887466549873,0.0010928960982710123,124.44258117675781
17,0.6130269974470138,0.0015779093373566866,114.70616912841797
18,0.610090471804142,0.001754386001266539,122.58769989013672
19,0.6104912251234055,0.0031176928896456957,111.4665756225586
20,0.6139728158712388,0.002613240387290716,111.7559814453125
21,0.6104700341820717,0.004067196976393461,117.7872085571289
22,0.6145725876092911,0.004378420300781727,112.27948760986328
23,0.6099188596010208,0.004421052522957325,115.3668212890625
24,0.6150313153862953,0.0040155439637601376,115.19985961914062
25,0.6116502612829209,0.004210526589304209,107.08989715576172
26,0.6075422257184983,0.0036857419181615114,114.79058074951172
27,0.6116913929581642,0.004686192609369755,112.22476959228516
28,0.609051276743412,0.004085035063326359,113.01998901367188
29,0.6078571140766144,0.004229885060340166,112.63485717773438
30,0.6083972781896592,0.003653168212622404,115.71458435058594
31,0.6100706592202186,0.0036844215355813503,112.59281921386719
32,0.6099804401397705,0.004167856182903051,106.00499725341797
33,0.6065098628401756,0.0035639628767967224,112.47835540771484
34,0.6138270139694214,0.0034666757564991713,111.34590148925781
35,0.6097513794898987,0.003722593653947115,116.935791015625
36,0.6100219085812568,0.0038859888445585966,114.15248107910156
37,0.6102405220270157,0.0037426198832690716,113.2146224975586
38,0.6050533309578896,0.003395662410184741,110.75813293457031
39,0.6131505087018013,0.004321731626987457,118.56416320800781
40,0.6110496699810029,0.004663529805839062,129.9520263671875
41,0.610886013507843,0.0040657962672412395,117.81318664550781
42,0.6089339226484298,0.004411535337567329,122.4477310180664
43,0.6030616044998169,0.004816495347768068,131.7314453125
44,0.6114202484488487,0.00476203765720129,121.3173828125
45,0.6104099959135055,0.004648812115192413,118.61263275146484
46,0.608854529261589,0.004856004845350981,118.30550384521484
47,0.6067397326231003,0.004799243528395891,130.6100616455078
48,0.6076331526041031,0.0046527390368282795,122.42039489746094
49,0.6009168922901154,0.00475794542580843,131.8255615234375
50,0.6148776710033417,0.00525394594296813,123.4080581665039
51,0.608831137418747,0.004933739546686411,132.5586395263672
52,0.608637148141861,0.004888356197625399,132.5242156982422
53,0.6042123407125473,0.004841436631977558,133.66653442382812
54,0.6103604421019554,0.005217490252107382,130.27880859375
55,0.6053965851664543,0.005073846317827702,131.67478942871094
56,0.6038534238934516,0.00507776066660881,131.5361785888672
57,0.6043327003717422,0.005289936903864145,130.63424682617188
58,0.6136493712663651,0.005261383019387722,132.23150634765625
59,0.6068592622876168,0.005402117036283016,130.86203002929688
60,0.6109471186995507,0.004956961143761873,133.1562042236328
61,0.60814109146595,0.005205310881137848,132.5480499267578
62,0.6120969504117966,0.005502518266439438,130.8115234375
63,0.6131682023406029,0.005294826813042164,132.66014099121094
64,0.612461480498314,0.005202856846153736,133.56002807617188
65,0.609549668431282,0.005251824855804443,132.7005157470703
66,0.602897684276104,0.005312697030603886,133.20974731445312
67,0.6113786086440086,0.005391440819948912,132.5154571533203
68,0.6110553488135337,0.004983109887689352,132.94284057617188
69,0.6135568201541901,0.004653032403439283,137.7628936767578
70,0.6050381273031235,0.0048943073488771915,133.4274139404297
71,0.6112959206104278,0.005133005790412426,132.26116943359375
72,0.6070168659090995,0.004670009948313236,137.45770263671875
73,0.6105342999100685,0.004613190423697233,134.16635131835938
74,0.6077484741806984,0.004891292657703161,131.91537475585938
75,0.6119474709033966,0.004397132433950901,138.5560302734375
76,0.6116433903574944,0.004639009945094585,133.63961791992188
77,0.614847731590271,0.00481101218611002,134.01815795898438
78,0.6064190670847893,0.004264699760824442,132.58999633789062
79,0.6033164620399475,0.004456805530935526,134.88323974609375
80,0.6074137106537819,0.004953035153448582,132.89169311523438
81,0.6064493551850318,0.0047764559276402,137.6266632080078
82,0.6129555478692055,0.004648849368095398,135.0233917236328
83,0.6020386263728141,0.0044925156980752945,139.95004272460938
84,0.6092440217733384,0.005245526321232319,142.64627075195312
85,0.6060346513986588,0.0040836939588189125,143.55233764648438
86,0.6064474657177925,0.004116141237318516,140.8804168701172
87,0.6029887706041336,0.004398473538458347,132.7003631591797
88,0.6090616315603257,0.00481062475591898,145.89627075195312
89,0.6136893391609192,0.00470090564340353,140.98483276367188
90,0.6054388806223869,0.004539021290838718,129.30809020996094
91,0.6113019064068794,0.004542769864201546,143.14817810058594
92,0.6111813545227051,0.004339777864515781,135.6125946044922
93,0.6082922026515007,0.00463065505027771,140.5244598388672
94,0.603558324277401,0.004445734433829784,138.37046813964844
95,0.6014899268746376,0.004887944553047419,143.55966186523438
96,0.6134718790650368,0.00651030708104372,136.42904663085938
97,0.6127008900046349,0.004646590445190668,133.5316162109375
98,0.6121539264917374,0.004344700835645199,136.23580932617188
99,0.6126215651631355,0.00490338820964098,140.94873046875
100,0.6071318030357361,0.004979971796274185,138.22586059570312
101,0.6005801096558571,0.0051133171655237675,138.6214141845703
102,0.6055283948779107,0.005022719502449036,141.53695678710938
103,0.610091969370842,0.005009606014937162,150.0188751220703
104,0.612619549036026,0.004296007566154003,140.2955780029297
105,0.600503733754158,0.004781433846801519,141.83828735351562
106,0.611067733168602,0.004781014285981655,138.07691955566406
107,0.5975190967321395,0.004558770451694727,138.5542755126953
108,0.605458615720272,0.005490111652761698,141.4215087890625
109,0.6114918500185013,0.006273593753576279,144.8739776611328
110,0.6013695210218429,0.005226767621934414,147.61251831054688
111,0.605484063923359,0.00625565554946661,147.4600830078125
112,0.6067155480384827,0.005865664687007666,134.5050506591797
113,0.6061202600598335,0.007078038062900305,146.79380798339844
114,0.6008083716034889,0.007346899714320898,155.03472900390625
115,0.6089763060212136,0.005202990956604481,145.2337188720703
116,0.6057474568486214,0.006308516953140497,124.15364074707031
117,0.6070339128375053,0.005040341522544622,147.05149841308594
118,0.6013436272740365,0.005945499986410141,150.5014190673828
119,0.6052607953548431,0.00610398082062602,149.49868774414062
120,0.6088693320751191,0.00438991142436862,139.5240478515625
121,0.6099734991788864,0.00584882777184248,155.92027282714844
122,0.5979072511196136,0.004762641154229641,138.49154663085938
123,0.6054561227560044,0.004473729990422726,158.3145294189453
124,0.6054345488548278,0.006005941890180111,146.66427612304688
125,0.6052543625235558,0.005927869118750095,150.44158935546875
126,0.601442600786686,0.004419887904077768,131.974853515625
127,0.6064985238015652,0.004963121376931667,136.524658203125
128,0.6072972223162652,0.004972130060195923,161.17959594726562
129,0.6028621733188629,0.007644557859748602,154.43106079101562
130,0.6000135041773319,0.00973486341536045,156.18910217285156
131,0.6010609298944474,0.006487628910690546,153.60450744628906
132,0.6008252501487732,0.003588291583582759,161.99571228027344
133,0.5992476001381875,0.003118270542472601,159.29928588867188
134,0.5926041036844254,0.0059540970250964165,145.14389038085938
135,0.6088281124830246,0.0038087733555585146,143.68301391601562
136,0.6003344774246215,0.0036037571262568235,165.18621826171875
137,0.5927338898181915,0.002156503265723586,143.8052520751953
138,0.5906209819018841,0.002115849172696471,155.49996948242188
139,0.5943316914141178,0.005936529487371445,149.37857055664062
140,0.5957083716988564,0.0014501366531476378,154.6043243408203
141,0.5925800502300262,0.0019954864401370287,165.3897705078125
142,0.6018291503190994,0.0070353620685637,122.9318618774414
143,0.5888815395534038,0.01921812817454338,134.253662109375
144,0.5892128884792328,0.007454453501850367,152.93826293945312
145,0.5932819001376629,0.0,137.2859649658203
146,0.6030181556940079,0.004479228984564543,152.31561279296875
147,0.5873496316373348,0.009159214794635773,122.12969970703125
148,0.6011543139815331,0.0015662458026781678,161.43051147460938
149,0.589651420712471,0.003116179257631302,166.92062377929688
150,0.5786706447601319,0.0034923418425023556,155.1168212890625
151,0.573878038674593,0.0012682308442890644,155.08416748046875
152,0.579756361246109,0.0009345794096589088,141.86300659179688
153,0.5922547474503517,0.006148823536932468,130.4286651611328
154,0.5936700761318207,0.006834081374108791,159.69720458984375
155,0.586645670235157,0.008833575062453747,153.03457641601562
156,0.5834292665123939,0.005322280339896679,133.6063995361328
157,0.5973665334284306,0.004391985945403576,137.4348907470703
158,0.5927579700946808,0.006298057734966278,123.83613586425781
159,0.5793185763061046,0.0049402741715312,154.76878356933594
160,0.6084140807390213,0.00844475720077753,120.37713623046875
161,0.5721485041081905,0.009230824187397957,141.84683227539062
162,0.5789705015718937,0.002857798244804144,152.4895477294922
163,0.5953027129173278,0.004486073739826679,149.99838256835938
164,0.5854576513171196,0.013500395230948925,143.2977752685547
165,0.5740712583065033,0.005922270007431507,155.16195678710938
166,0.6095541216433048,0.00488132331520319,144.42514038085938
167,0.6122373417019844,0.0021366935689002275,136.59083557128906
168,0.6168580204248428,0.002731146989390254,144.2552032470703
169,0.5991066351532937,0.0003925696946680546,140.2329559326172
170,0.5913045555353165,0.004946290049701929,141.11622619628906
171,0.6010792285203934,0.0036581959575414658,153.54623413085938
172,0.5777366489171982,0.00398516608402133,151.41647338867188
173,0.5985086470842361,0.008848573081195354,149.72634887695312
174,0.6003302603960037,0.0034848893992602825,161.21749877929688
175,0.5863173354417086,0.004202110692858696,147.52243041992188
176,0.5788192622363567,0.0062500000931322575,161.1699676513672
177,0.5791608363389968,0.0029070130549371243,171.08714294433594
178,0.5774120509624481,0.00685139000415802,160.95358276367188
179,0.5864568829536438,0.006027654279023409,157.97329711914062
180,0.5713339418172836,0.019792594015598297,133.31411743164062
181,0.582997141033411,0.0025863945484161377,165.7157440185547
182,0.5588960640132428,0.006269586738198996,137.75271606445312
183,0.5733209386467933,0.005736543796956539,150.0719451904297
184,0.5721947871148586,0.0027892696671187878,167.11691284179688
185,0.5652699626982212,0.003844423219561577,141.68740844726562
186,0.5992613367736339,0.0020820905920118093,150.3216552734375
187,0.5842473365366458,0.008925899863243103,146.47962951660156
188,0.575268916785717,0.00411177659407258,133.5007781982422
189,0.5841680243611336,0.00041407867684029043,158.4122772216797
190,0.5945947028696537,0.0020858165808022022,146.45278930664062
191,0.5651586584746837,0.0019117705523967743,143.9397735595703
192,0.5495827801525592,0.006268799304962158,135.21104431152344
193,0.5613152734935284,0.0017289293464273214,150.4811248779297
194,0.5436087001115084,0.003696098458021879,141.31068420410156
195,0.5525753393769264,0.0024606972001492977,134.37457275390625
196,0.572701308131218,0.004164958838373423,145.93267822265625
197,0.561285225301981,0.006243301089853048,155.92245483398438
198,0.5884435050189495,0.0033682796638458967,142.8897247314453
199,0.5717161417007446,0.0005540166166611016,142.66323852539062
200,0.5580621317029,0.0019339242717251182,153.56155395507812
201,0.5561897948384285,0.006820949725806713,144.38937377929688
202,0.5594900473952293,0.0058510638773441315,125.94182586669922
203,0.542541248165071,0.005085799377411604,142.99447631835938
204,0.5706422500312328,0.004297520499676466,136.23187255859375
205,0.5702490240335465,0.009567002765834332,161.0033721923828
206,0.5799379095435142,0.005081495735794306,160.9250030517578
207,0.565756193548441,0.004852686543017626,134.30984497070312
208,0.5657439969480038,0.006478958763182163,164.15914916992188
209,0.5549424976110459,0.022409120574593544,145.31887817382812
210,0.575527211278677,0.002268125768750906,140.72384643554688
211,0.566675166785717,0.008333333767950535,115.245849609375
212,0.5630469843745232,0.004644145257771015,138.9027862548828
213,0.5395849399268627,0.010950389318168163,133.5255126953125
214,0.5610793516039848,0.008549729362130165,163.7813262939453
215,0.5570728421211243,0.010918775573372841,137.27040100097656
216,0.5552207216620445,0.0018264839891344309,138.82986450195312
217,0.5672981031239033,0.009972978383302689,152.25546264648438
218,0.5650826126337052,0.009784998372197151,143.95208740234375
219,0.5455979559570551,0.004601077176630497,147.57431030273438
220,0.5581084910780192,0.009465648792684078,130.35411071777344
221,0.5551196448504925,0.001791640417650342,155.8719024658203
222,0.5531225346028805,0.0013351135421544313,144.32568359375
223,0.5638026848435402,0.005751544609665871,129.61782836914062
224,0.5420018337666989,0.00972912646830082,130.8769073486328
225,0.5637066952884198,0.0005703422357328236,162.2879180908203
226,0.5454022690653801,0.014810314401984215,153.5446014404297
227,0.5510281972587109,0.023399347439408302,154.15090942382812
228,0.5568428367376328,0.002387511543929577,141.97544860839844
229,0.5609636902809143,0.007235141936689615,138.00637817382812
230,0.5597615294158459,0.002177618909627199,136.1539306640625
231,0.5586371622979641,0.006025730166584253,151.27365112304688
232,0.523430872708559,0.011831441894173622,128.82748413085938
233,0.5332604311406612,0.005972626153379679,144.3208770751953
234,0.5489519685506821,0.00035242291050963104,153.55136108398438
235,0.560762994736433,0.00834030844271183,151.10287475585938
236,0.5504452459514141,0.004143126308917999,150.73745727539062
237,0.5367363594472409,0.0007874015718698502,130.83602905273438
238,0.5291236724704504,0.0016750108916312456,144.30422973632812
239,0.5359173089265823,0.001231490052305162,147.65655517578125
240,0.535167471319437,0.0002659574383869767,136.12203979492188
241,0.5530891373753548,0.006216168403625488,144.61801147460938
242,0.5545714899897576,0.0027874563820660114,139.55718994140625
243,0.5317554412409663,0.0047583081759512424,141.70950317382812
244,0.5149066410958767,0.01999395526945591,143.8263702392578
245,0.5226288244128228,0.007343987934291363,138.88287353515625
246,0.5592410039156676,0.014032430946826935,156.0369110107422
247,0.5311597965657711,0.024919047951698303,158.1221923828125
248,0.5476807251572609,0.015895923599600792,153.7773895263672
249,0.5299587160348892,0.028274353593587875,154.53042602539062
250,0.5422404300421476,0.01248420961201191,148.60020446777344
251,0.5550662249326705,0.009829474613070488,157.0922088623047
252,0.5525449968874454,0.009668705984950066,157.86322021484375
253,0.5469106625765562,0.004104648716747761,150.56124877929688
254,0.5495796300470829,0.018495384603738785,142.41836547851562
255,0.5385413281619549,0.0029087960720062256,157.86862182617188
256,0.5250500477850437,0.001282873679883778,145.5839080810547
257,0.53377106487751,0.005934156011790037,144.24313354492188
258,0.5348506886512041,0.008754042908549309,141.62924194335938
259,0.5496372926980257,0.009690557606518269,154.2543182373047
260,0.48502776250243185,0.012941482476890087,139.96795654296875
261,0.557410404831171,0.04524015635251999,148.6964569091797
262,0.5225486181676388,0.0,125.26646423339844
263,0.5509741380810738,0.011998835019767284,144.42990112304688
264,0.5566206090152264,0.017038505524396896,124.31362915039062
265,0.5612994365394115,0.023594243451952934,157.41079711914062
266,0.5488372068852186,0.0032897195778787136,135.55897521972656
267,0.5316498424857855,0.01566169783473015,147.45921325683594
268,0.5335282497107983,0.03133200854063034,151.33290100097656
269,0.5381787788122893,0.014997427351772785,151.0848846435547
270,0.5471185889095068,0.02405605837702751,156.7335662841797
271,0.5574074886739254,0.0033057848922908306,147.9378662109375
272,0.5474853273481131,0.002721088472753763,131.55307006835938
273,0.5147881992161274,0.022831598296761513,157.79940795898438
274,0.5064927410334349,0.024586210027337074,159.08432006835938
275,0.5185593076050281,0.0005361930234357715,134.39427185058594
276,0.5002057071775198,0.005577499978244305,144.48292541503906
277,0.5201826944947243,0.0054741897620260715,138.67691040039062
278,0.4980616118758917,0.010747378692030907,146.40606689453125
279,0.5395178612321615,0.01733202114701271,163.00674438476562
280,0.5403946537524462,0.013069041073322296,159.4518280029297
281,0.5204473555088043,0.03689884394407272,150.4115447998047
282,0.5440682247281075,0.03888799995183945,146.5946502685547
283,0.5057358108460903,0.033056411892175674,159.5726318359375
284,0.5557281583547592,0.037021078169345856,159.8544158935547
285,0.5112087726593018,0.02251710556447506,155.70578002929688
286,0.5298644110560418,0.011504881083965302,136.6450653076172
287,0.5048851236701012,0.021054202690720558,133.40765380859375
288,0.5355130795389413,0.009240711107850075,144.71240234375
289,0.5366859525442124,0.01763899065554142,152.851806640625
290,0.5228264637291431,0.029506336897611618,146.76425170898438
291,0.5317266058176756,0.021162332966923714,164.46612548828125
292,0.49024221636354925,0.01692756451666355,146.56985473632812
293,0.5238047242164612,0.04306570440530777,154.50241088867188
294,0.5297567620873451,0.02275639958679676,152.97735595703125
295,0.5098412245512008,0.004195804242044687,136.43768310546875
296,0.557945690304041,0.05100083351135254,138.2861785888672
297,0.5133281070739031,0.02148469351232052,153.73184204101562
298,0.5221180099993944,0.01685624197125435,146.0041961669922
299,0.5091781839728355,0.022200319916009903,153.10348510742188
300,0.5330108966678381,0.0230431966483593,144.87741088867188
301,0.49482475463300946,0.043241895735263824,152.7273406982422
302,0.5415256913751364,0.0,144.2257843017578
303,0.49660236574709415,0.03161071240901947,116.38661193847656
304,0.4578375514596701,0.008556189015507698,136.07485961914062
305,0.5239314064383507,0.046362750232219696,143.84378051757812
306,0.5094789616763592,0.03177826851606369,148.2298126220703
307,0.5051287040114403,0.02246551401913166,141.7449493408203
308,0.5413491189479828,0.038504235446453094,147.58578491210938
309,0.4858043733984232,0.00873869564384222,100.24310302734375
310,0.5522424161434174,0.018031660467386246,161.40480041503906
311,0.5198415596038103,0.009244020096957684,142.71670532226562
312,0.5280309464782477,0.038252316415309906,158.93301391601562
313,0.5145544668659567,0.007925941608846188,154.13424682617188
314,0.5096051270142198,0.002277039922773838,135.6740264892578
315,0.5052958212792873,0.010193358175456524,155.7488250732422
316,0.5225172597914934,0.018548045307397842,150.06613159179688
317,0.47355768121778963,0.0362829715013504,143.67462158203125
318,0.5135604634881019,0.017335109412670135,146.51278686523438
319,0.5168837282806635,0.045271970331668854,147.9431915283203
320,0.5018160738050937,0.027265775948762894,147.62362670898438
321,0.5113070428371429,0.0017039403319358826,129.13665771484375
322,0.520248380675912,0.019578207284212112,123.44368743896484
323,0.509734321758151,0.006714381277561188,152.57705688476562
324,0.5241208944469691,0.035097718238830566,128.43435668945312
325,0.45831254720687864,0.019550545141100883,121.81275939941406
326,0.49005125984549525,0.012394118122756481,132.43899536132812
327,0.4875560440123081,0.017625750973820686,152.7298583984375
328,0.49156195744872094,0.019765455275774002,126.61126708984375
329,0.53399049192667,0.02260332927107811,152.16171264648438
330,0.5048888940364122,0.029087981209158897,145.43161010742188
331,0.5099215198308229,0.005087518133223057,113.792236328125
332,0.5046791508793831,0.023853551596403122,130.13809204101562
333,0.5148956049233675,0.04228798300027847,145.6181640625
334,0.5117589190602303,0.07020324468612671,143.506103515625
335,0.4833988569676876,0.004090889822691679,133.18829345703125
336,0.5138003204017878,0.042172230780124664,152.04849243164062
337,0.48986849300563334,0.06874541193246841,153.75039672851562
338,0.499584736302495,0.05086435005068779,156.16506958007812
339,0.526036263257265,0.03366156667470932,163.853515625
340,0.502537477388978,0.026265785098075867,164.69024658203125
341,0.502015732973814,0.03194799646735191,163.31417846679688
342,0.4811710860580206,0.02288367599248886,155.30862426757812
343,0.5221838667988777,0.06716980040073395,155.0817108154297
344,0.5175858978182077,0.03950019180774689,129.1883087158203
345,0.4789942367002368,0.03130773827433586,131.96755981445312
346,0.5006466791033745,0.006988631095737219,152.8416748046875
347,0.5306872647255659,0.034322094172239304,131.30520629882812
348,0.5240163885056972,0.03211268037557602,135.4187469482422
349,0.49430902153253553,0.056670092046260834,138.68016052246094
350,0.5043149774894118,0.016268352046608925,147.21246337890625
351,0.5008726291358471,0.018435949459671974,103.90325927734375
352,0.5050307027995586,0.01285409927368164,117.0928726196289
353,0.469855372607708,0.05654339864850044,139.1917724609375
354,0.4827180054038763,0.037620045244693756,139.97134399414062
355,0.485319397225976,0.07241106033325195,150.6334228515625
356,0.5224100243300199,0.049031756818294525,149.9292755126953
357,0.5489838130772113,0.03488979488611221,144.56777954101562
358,0.5229667704552412,0.02403862588107586,137.11764526367188
359,0.5044996745884418,0.03480548784136772,138.7340545654297
360,0.4793407291173935,0.02498510107398033,126.94355773925781
361,0.5152983572334051,0.02587900497019291,126.63630676269531
362,0.49649155214428903,0.0010752688394859433,140.91360473632812
363,0.4774311199784279,0.029255937784910202,117.62056732177734
364,0.5083249773830175,0.011467991396784782,143.65277099609375
365,0.5189656972885132,0.0029824560042470694,153.79495239257812
366,0.53601447455585,0.015837538987398148,84.92626953125
367,0.51231056638062,0.023299122229218483,143.13912963867188
368,0.48104565143585204,0.018536178395152092,140.5771942138672
369,0.5232041973620654,0.02212471142411232,151.1666259765625
370,0.49128106273710725,0.017877131700515747,127.6374282836914
371,0.4843932677060366,0.03867008537054062,131.00302124023438
372,0.4807518506422639,0.037769243121147156,110.05879211425781
373,0.5299877386540175,0.08590056747198105,135.3038330078125
374,0.46690118685364723,0.028764229267835617,137.54359436035156
375,0.5136924341320992,0.016073131933808327,132.92291259765625
376,0.47422890178859234,0.03986157104372978,142.4916229248047
377,0.5042456958442927,0.011480417102575302,165.9032440185547
378,0.5403881778940558,0.007551919668912888,134.83648681640625
379,0.5065844321623445,0.046692993491888046,136.410888671875
380,0.47984170727431774,0.013251468539237976,120.16947937011719
381,0.502479825913906,0.0023475075140595436,113.42574310302734
382,0.5282719850540161,0.01982545107603073,112.30406188964844
383,0.49416497685015204,0.012852412648499012,104.03765869140625
384,0.5172491196542979,0.03259844332933426,125.0907211303711
385,0.4868444874882698,0.07849667966365814,132.71109008789062
386,0.4593658335506916,0.05139383673667908,142.68064880371094
387,0.47641011159867047,0.05118410661816597,133.90725708007812
388,0.5039197709411383,0.033250585198402405,137.78549194335938
389,0.49161063842475416,0.03740280866622925,129.45838928222656
390,0.5185819823294878,0.004783544689416885,110.46614074707031
391,0.49580182917416094,0.03745438903570175,131.8369140625
392,0.5184515982866287,0.04431873559951782,100.37924194335938
393,0.5040559779852629,0.012162668630480766,96.1937255859375
394,0.46432644594460726,0.030595486983656883,146.97506713867188
395,0.5083951525390148,0.04261890426278114,95.45118713378906
396,0.46199928000569346,0.03599011152982712,114.69798278808594
397,0.4892834950238466,0.05346158891916275,129.45640563964844
398,0.5414911635220051,0.04693642258644104,117.66401672363281
399,0.4886019129306078,0.0657191053032875,142.3017120361328
400,0.47478197775781156,0.03309075906872749,141.6171112060547
401,0.5222095385193825,0.05354354530572891,136.89720153808594
402,0.5072857668623328,0.02737567387521267,137.43218994140625
403,0.5122948206961155,0.030239874497056007,138.33065795898438
404,0.5180873963981867,0.02954481914639473,126.99821472167969
405,0.49541883282363414,0.06568297743797302,130.66961669921875
406,0.5139699626713992,0.007107215467840433,105.10177612304688
407,0.5054722420871258,0.022788429632782936,118.67375183105469
408,0.5083737879991531,0.014124393463134766,129.51119995117188
409,0.5289592858403921,0.021753352135419846,131.53887939453125
410,0.47990160193294285,0.012247556820511818,142.54708862304688
411,0.4806018266826868,0.035388730466365814,150.13839721679688
412,0.4950518269091845,0.01822274923324585,139.13363647460938
413,0.5223994847387076,0.04644758999347687,151.18673706054688
414,0.5380937255918979,0.018422776833176613,126.7828598022461
415,0.46997034065425397,0.0387134924530983,140.1387481689453
416,0.5029862653464079,0.05611764267086983,128.2046661376953
417,0.48451689556241034,0.04144303500652313,112.21530151367188
418,0.476074381172657,0.05608222633600235,123.99458312988281
419,0.4563462916761637,0.06353078782558441,135.93698120117188
420,0.47888153642416,0.06473766267299652,134.6719970703125
421,0.511217001453042,0.004276013933122158,109.16641998291016
422,0.5461242821067571,0.03278143331408501,143.9075164794922
423,0.5338597424328327,0.07919324934482574,149.16921997070312
424,0.4752075493335724,0.009495275095105171,123.34690856933594
425,0.5052764993160963,0.0457417331635952,134.05735778808594
426,0.4750376492738724,0.04194727540016174,123.73350524902344
427,0.46216520871967076,0.07870914787054062,135.88633728027344
428,0.4615829478949308,0.05291708558797836,117.96315002441406
429,0.4777454884722829,0.016851922497153282,119.14884948730469
430,0.47200696393847463,0.03220877796411514,111.1727066040039
431,0.49781048484146595,0.04743252322077751,131.14271545410156
432,0.4904731284826994,0.06841310113668442,108.3677749633789
433,0.46275087520480157,0.06165710836648941,148.2024688720703
434,0.49817359521985055,0.07898952066898346,127.1065673828125
435,0.4781247330829501,0.08857262879610062,124.85212707519531
436,0.4739867102354765,0.03850984573364258,127.48046875
437,0.45541126243770125,0.03632586449384689,103.2511215209961
438,0.4957532525062561,0.032497964799404144,131.8451385498047
439,0.47703187372535466,0.05983654782176018,118.83540344238281
440,0.49464145116508007,0.0749552994966507,130.8046417236328
441,0.44812112376093866,0.08697640150785446,137.0564727783203
442,0.4882058011367917,0.04654143378138542,129.1987762451172
443,0.47620013542473316,0.06930379569530487,114.8237075805664
444,0.4570492137223482,0.05480249971151352,124.087890625
445,0.478265269100666,0.08942106366157532,141.19992065429688
446,0.5089819118380546,0.06532377749681473,120.38825988769531
447,0.4884458534419537,0.06950505822896957,127.98046875
448,0.51631276383996,0.06387247145175934,125.10595703125
449,0.5160788705572485,0.07272589206695557,152.75830078125
450,0.5307167798280716,0.03933078795671463,148.54441833496094
451,0.4391336694359779,0.07762965559959412,142.3752899169922
452,0.5049943124875427,0.04515410214662552,126.52729797363281
453,0.47401989363133906,0.05856961011886597,124.0250015258789
454,0.4329838899895549,0.08240918815135956,120.72403717041016
455,0.4728651806712151,0.07824777066707611,128.0806427001953
456,0.509016040340066,0.10018110275268555,127.07530212402344
457,0.46707064993679526,0.0825318843126297,148.32508850097656
458,0.47969439793378116,0.09898979961872101,134.20162963867188
459,0.4701249521225691,0.062376897782087326,132.83584594726562
460,0.49050080180168154,0.07246889173984528,129.74176025390625
461,0.48462201505899427,0.07312357425689697,138.9043426513672
462,0.4683564012870193,0.05221956968307495,149.35023498535156
463,0.5035479035228491,0.023643098771572113,127.75212097167969
464,0.48433092311024667,0.07450293004512787,127.80479431152344
465,0.47196017391979694,0.00493254791945219,153.25230407714844
466,0.46888403259217737,0.011342877522110939,136.60028076171875
467,0.45321326293051245,0.04729180783033371,156.57705688476562
468,0.42734104618430135,0.08255847543478012,113.0881118774414
469,0.4476085022091866,0.04035627096891403,120.13003540039062
470,0.4737267132848501,0.05610207840800285,124.08589172363281
471,0.48594662062823774,0.04579658433794975,118.70658874511719
472,0.4658852320164442,0.06075023487210274,147.23587036132812
473,0.4766906829550862,0.002193649997934699,145.244873046875
474,0.4409893523901701,0.06009453535079956,123.8076171875
475,0.48548121098428965,0.07244350761175156,137.5072479248047
476,0.5064842153340579,0.02685493230819702,127.24690246582031
477,0.4169657178223133,0.04329681023955345,130.2104949951172
478,0.49173262175172566,0.04075058177113533,143.1119842529297
479,0.4917160078883171,0.028341073542833328,122.6611557006836
480,0.4631189700216055,0.052621446549892426,149.7514190673828
481,0.48136582840234043,0.0459841713309288,142.73934936523438
482,0.505453209578991,0.026253869757056236,133.37045288085938
483,0.4780759736895561,0.07661278545856476,126.6563720703125
484,0.5082868203520775,0.03132558614015579,130.0115509033203
485,0.491930004581809,0.07673439383506775,124.22093200683594
486,0.4595590436831117,0.033377986401319504,113.58039855957031
487,0.4700474301353097,0.026103287935256958,152.0391845703125
488,0.49456249438226224,0.08154601603746414,128.6304168701172
489,0.484421319514513,0.07513021677732468,125.58534240722656
490,0.43352678082883356,0.06323905289173126,149.3106689453125
491,0.4838507123291492,0.06543222814798355,129.24879455566406
492,0.41858040895313026,0.05160906910896301,124.9708480834961
493,0.42819366715848445,0.05953490734100342,135.46505737304688
494,0.49052945952862503,0.04291125386953354,151.396728515625
495,0.44862171076238155,0.07218983769416809,135.6481475830078
496,0.483089429885149,0.08153138309717178,131.6354217529297
497,0.45155784450471403,0.06996717303991318,133.7454071044922
498,0.49227237403392793,0.06186369061470032,120.1828384399414
499,0.5132525589317083,0.05783788487315178,112.09769439697266
500,0.5351587671786546,0.06316375732421875,122.4063949584961
